<?xml version='1.0' encoding='UTF-8'?>
<root>
 <tabbed_widget name="Main Window" parent="main_window">
  <Tab containers="1" tab_name="Position error">
   <Container>
    <DockSplitter orientation="-" sizes="1" count="1">
     <DockArea name="...">
      <plot flip_x="false" style="Lines" flip_y="false" mode="TimeSeries">
       <range bottom="-0.159953" top="6.558062" left="155.400000" right="215.400000"/>
       <limitY/>
       <curve name="Position error (odometry) [m]" color="#1f77b4"/>
       <curve name="Position error (trilateration) [m]" color="#d62728"/>
      </plot>
     </DockArea>
    </DockSplitter>
   </Container>
  </Tab>
  <Tab containers="1" tab_name="Orientation error">
   <Container>
    <DockSplitter orientation="-" sizes="1" count="1">
     <DockArea name="...">
      <plot flip_x="false" style="Lines" flip_y="false" mode="TimeSeries">
       <range bottom="-183.856999" top="188.656478" left="155.400000" right="215.400000"/>
       <limitY/>
       <curve name="Orientation error (odometry) [deg]" color="#1ac938"/>
       <curve name="Orientation error (trilateration) [deg]" color="#ff7f0e"/>
      </plot>
     </DockArea>
    </DockSplitter>
   </Container>
  </Tab>
  <currentTabIndex index="1"/>
 </tabbed_widget>
 <use_relative_time_offset enabled="1"/>
 <!-- - - - - - - - - - - - - - - -->
 <!-- - - - - - - - - - - - - - - -->
 <Plugins>
  <plugin ID="DataLoad CSV">
   <parameters time_axis="" delimiter="0"/>
  </plugin>
  <plugin ID="DataLoad MCAP"/>
  <plugin ID="DataLoad ROS2 bags">
   <use_header_stamp value="false"/>
   <discard_large_arrays value="true"/>
   <max_array_size value="100"/>
   <boolean_strings_to_number value="true"/>
   <remove_suffix_from_strings value="true"/>
   <selected_topics value=""/>
  </plugin>
  <plugin ID="DataLoad ULog"/>
  <plugin ID="ROS2 Topic Subscriber">
   <use_header_stamp value="true"/>
   <discard_large_arrays value="true"/>
   <max_array_size value="10"/>
   <boolean_strings_to_number value="false"/>
   <remove_suffix_from_strings value="false"/>
   <selected_topics value="/robot_0/base_pose_ground_truth;/robot_0/odom;/robot_0/pose"/>
  </plugin>
  <plugin ID="UDP Server"/>
  <plugin ID="WebSocket Server"/>
  <plugin ID="ZMQ Subscriber"/>
  <plugin ID="Fast Fourier Transform"/>
  <plugin ID="Quaternion to RPY"/>
  <plugin ID="Reactive Script Editor">
   <library code="--[[ Helper function to create a series from arrays&#xa;&#xa; new_series: a series previously created with ScatterXY.new(name)&#xa; prefix:     prefix of the timeseries, before the index of the array&#xa; suffix_X:   suffix to complete the name of the series containing the X value. If [nil], use the index of the array.&#xa; suffix_Y:   suffix to complete the name of the series containing the Y value&#xa; timestamp:   usually the tracker_time variable&#xa;              &#xa; Example:&#xa; &#xa; Assuming we have multiple series in the form:&#xa; &#xa;   /trajectory/node.{X}/position/x&#xa;   /trajectory/node.{X}/position/y&#xa;   &#xa; where {N} is the index of the array (integer). We can create a reactive series from the array with:&#xa; &#xa;   new_series = ScatterXY.new(&quot;my_trajectory&quot;) &#xa;   CreateSeriesFromArray( new_series, &quot;/trajectory/node&quot;, &quot;position/x&quot;, &quot;position/y&quot;, tracker_time );&#xa;--]]&#xa;&#xa;function CreateSeriesFromArray( new_series, prefix, suffix_X, suffix_Y, timestamp )&#xa;  &#xa;  --- clear previous values&#xa;  new_series:clear()&#xa;  &#xa;  --- Append points to new_series&#xa;  index = 0&#xa;  while(true) do&#xa;&#xa;    x = index;&#xa;    -- if not nil, get the X coordinate from a series&#xa;    if suffix_X ~= nil then &#xa;      series_x = TimeseriesView.find( string.format( &quot;%s.%d/%s&quot;, prefix, index, suffix_X) )&#xa;      if series_x == nil then break end&#xa;      x = series_x:atTime(timestamp)&#x9; &#xa;    end&#xa;    &#xa;    series_y = TimeseriesView.find( string.format( &quot;%s.%d/%s&quot;, prefix, index, suffix_Y) )&#xa;    if series_y == nil then break end &#xa;    y = series_y:atTime(timestamp)&#xa;    &#xa;    new_series:push_back(x,y)&#xa;    index = index+1&#xa;  end&#xa;end&#xa;&#xa;--[[ Similar to the built-in function GetSeriesNames(), but select only the names with a give prefix. --]]&#xa;&#xa;function GetSeriesNamesByPrefix(prefix)&#xa;  -- GetSeriesNames(9 is a built-in function&#xa;  all_names = GetSeriesNames()&#xa;  filtered_names = {}&#xa;  for i, name in ipairs(all_names)  do&#xa;    -- check the prefix&#xa;    if name:find(prefix, 1, #prefix) then&#xa;      table.insert(filtered_names, name);&#xa;    end&#xa;  end&#xa;  return filtered_names&#xa;end&#xa;&#xa;--[[ Modify an existing series, applying offsets to all their X and Y values&#xa;&#xa; series: an existing timeseries, obtained with TimeseriesView.find(name)&#xa; delta_x: offset to apply to each x value&#xa; delta_y: offset to apply to each y value &#xa;  &#xa;--]]&#xa;&#xa;function ApplyOffsetInPlace(series, delta_x, delta_y)&#xa;  -- use C++ indeces, not Lua indeces&#xa;  for index=0, series:size()-1 do&#xa;    x,y = series:at(index)&#xa;    series:set(index, x + delta_x, y + delta_y)&#xa;  end&#xa;end&#xa;"/>
   <scripts/>
  </plugin>
  <plugin ID="CSV Exporter"/>
  <plugin ID="ROS2 Topic Re-Publisher"/>
 </Plugins>
 <!-- - - - - - - - - - - - - - - -->
 <previouslyLoaded_Datafiles/>
 <previouslyLoaded_Streamer name="ROS2 Topic Subscriber"/>
 <!-- - - - - - - - - - - - - - - -->
 <customMathEquations>
  <snippet name="Position error (odometry) [m]">
   <global></global>
   <function>return math.sqrt((v2-value)^2+(v3-v1)^2)</function>
   <linked_source>/robot_0/base_pose_ground_truth/pose/pose/position/x</linked_source>
   <additional_sources>
    <v1>/robot_0/base_pose_ground_truth/pose/pose/position/y</v1>
    <v2>/robot_0/odom/pose/pose/position/x</v2>
    <v3>/robot_0/odom/pose/pose/position/y</v3>
   </additional_sources>
  </snippet>
  <snippet name="Position error (trilateration) [m]">
   <global></global>
   <function>return math.sqrt((v2-value)^2+(v3-v1)^2)</function>
   <linked_source>/robot_0/base_pose_ground_truth/pose/pose/position/x</linked_source>
   <additional_sources>
    <v1>/robot_0/base_pose_ground_truth/pose/pose/position/y</v1>
    <v2>/robot_0/pose/pose/pose/position/x</v2>
    <v3>/robot_0/pose/pose/pose/position/y</v3>
   </additional_sources>
  </snippet>
  <snippet name="Orientation error (odometry) [deg]">
   <global></global>
   <function>angle_error = value/3.14159*180 - v1/3.14159*180
-- Make sure the angle is in [-180;180] deg
if angle_error > 180 then
    angle_error = angle_error - 360
elseif angle_error &lt; -180 then
    angle_error = angle_error + 360
end
return angle_error</function>
   <linked_source>/robot_0/base_pose_ground_truth/pose/pose/orientation/yaw</linked_source>
   <additional_sources>
    <v1>/robot_0/odom/pose/pose/orientation/yaw</v1>
   </additional_sources>
  </snippet>
  <snippet name="Orientation error (trilateration) [deg]">
   <global></global>
   <function>w = v1
x = v2
y = v3
z = v4
dcm10 = 2 * (x * y + w * z)
dcm00 = w*w + x*x - y*y - z*z
yaw = math.atan(dcm10, dcm00)/3.14159*180

angle_error = value/3.14159*180 - yaw
-- Make sure the angle is in [-180;180] deg
if angle_error > 180 then
    angle_error = angle_error - 360
elseif angle_error &lt; -180 then
    angle_error = angle_error + 360
end
return angle_error</function>
   <linked_source>/robot_0/base_pose_ground_truth/pose/pose/orientation/yaw</linked_source>
   <additional_sources>
    <v1>/robot_0/pose/pose/pose/orientation/w</v1>
    <v2>/robot_0/pose/pose/pose/orientation/x</v2>
    <v3>/robot_0/pose/pose/pose/orientation/y</v3>
    <v4>/robot_0/pose/pose/pose/orientation/z</v4>
   </additional_sources>
  </snippet>
 </customMathEquations>
 <snippets/>
 <!-- - - - - - - - - - - - - - - -->
</root>

